{
  "viseme_classes": [
    "V10",
    "V11",
    "V12",
    "V13",
    "V14",
    "V15",
    "V16",
    "V2",
    "V3",
    "V6",
    "V7",
    "V8",
    "V9"
  ],
  "test_metrics": {
    "loss": 1.001920861071766,
    "accuracy": 83.7740877408774,
    "best_validation_accuracy": 82.77806253203485
  }
}