{
  "accuracy": 0.922887675866841,
  "macro_f1": 0.9150822973290218,
  "weighted_f1": 0.9228833867382612,
  "num_samples": 65035,
  "class_labels": [
    "V10",
    "V11",
    "V12",
    "V13",
    "V14",
    "V15",
    "V16",
    "V2",
    "V3",
    "V6",
    "V7",
    "V8",
    "V9"
  ]
}