class,total,correct,accuracy_percent
V10,8315,7660,92.12266987372219
V11,10358,9228,89.09055802278432
V12,12164,11156,91.71325221966458
V13,393,311,79.13486005089058
V14,994,842,84.70824949698189
V15,2378,2187,91.96804037005887
V16,398,356,89.44723618090453
V2,7725,7478,96.80258899676375
V3,7180,6577,91.6016713091922
V6,6727,6413,95.3322431990486
V7,991,965,97.37638748738647
V8,2471,2447,99.0287333063537
V9,4941,4400,89.0507994333131
